ZL,ZR,ZF,ZM,ZC,类别数目
-0.314410577477552,1.6849880550292509,-0.5749682840431256,-0.5370994315841562,-0.17338742894801853,12140
-0.7000243506493488,-0.4153867694805187,-0.1603620129869991,-0.1604715909090918,-0.254423295454546,24645
0.055273159144893426,-0.005505938242280209,-0.22706413301663148,-0.23147505938242258,2.187653206650817,4202
0.48372027710166454,-0.7994289458902881,2.482295450290155,2.4232634338138768,0.308958996442617,5341
1.161272114038449,-0.37674048619065703,-0.08726740486190114,-0.0953735522463982,-0.15768423062237388,15716
